Uuid,Void/Retire,Same as mappings,Fully specified name:en,Fully specified name:km,Short name:en,Short name:km,Description:en,Description:km,Data class,Data type,Answers,Members,_version:1,_order:600
,,ICD 10 - WHO:A00,Cambodia_Cholera,Cambodia_Cholera,Cholera,អាសន្នរោគ,,,Diagnosis,N/A,,,,
,,ICD 10 - WHO:A00.9,"Cambodia_Cholera, unspecified","Cambodia_Cholera, unspecified","Cholera, unspecified",សង្ស័យអាសន្នរោគ,,,Diagnosis,N/A,,,,
,,ICD 10 - WHO:A01,Cambodia_Typhoid and Paratyphoid Fevers,Cambodia_Typhoid and Paratyphoid Fevers,Typhoid and Paratyphoid Fevers,គ្រុនពោះវៀន,,,Diagnosis,N/A,,,,
,,ICD 10 - WHO:A06,Cambodia_Amebiasis,Cambodia_Amebiasis,Amebiasis,រាកមួល​,,,Diagnosis,N/A,,,,
,,ICD 10 - WHO:A09,Cambodia_Gastroenteritis diarrhea,Cambodia_Gastroenteritis diarrhea,Gastroenteritis diarrhea,រាកគ្មានខ្សោះជាតិទឹក,,,Diagnosis,N/A,,,,
,,ICD 10 - WHO:A09.1,Cambodia_Gastroenteritis diarrhea (moderate),Cambodia_Gastroenteritis diarrhea (moderate),Gastroenteritis diarrhea (moderate),រាកមានខ្សោះជាតិទឹកមធ្យម,,,Diagnosis,N/A,,,,
,,ICD 10 - WHO:A09.2,Cambodia_Gastroenteritis diarrhea (severe),Cambodia_Gastroenteritis diarrhea (severe),Gastroenteritis diarrhea (severe),រាកមានខ្សោះជាតិទឹកធ្ងន់ធ្ងរ,,,Diagnosis,N/A,,,,
,,ICD 10 - WHO:A33,Cambodia_Tetanus neonatorum,Cambodia_Tetanus neonatorum,Tetanus neonatorum,តេតាណូសទារក,,,Diagnosis,N/A,,,,
,,ICD 10 - WHO:A35,Cambodia_Tetanus Other,Cambodia_Tetanus Other,Tetanus Other,តេតាណូសផ្សេងៗទៀត,,,Diagnosis,N/A,,,,
,,ICD 10 - WHO:A36,Cambodia_Diphtheria,Cambodia_Diphtheria,Diphtheria,ខាន់ស្លាក់,,,Diagnosis,N/A,,,,
,,ICD 10 - WHO:A37.1,Cambodia_Whooping cough,Cambodia_Whooping cough,Whooping cough,ក្អកមាន់,,,Diagnosis,N/A,,,,
,,ICD 10 - WHO:A41.9 ,"Cambodia_Sepsis, unspecified organism","Cambodia_Sepsis, unspecified organism","Sepsis, unspecified organism",ឆ្លងរោគក្នុងឈាម,,,Diagnosis,N/A,,,,
,,ICD 10 - WHO:A80,Cambodia_Acute poliomyelitis,Cambodia_Acute poliomyelitis,Acute poliomyelitis,គ្រុនទន់អវៈយវៈ,,,Diagnosis,N/A,,,,
,,ICD 10 - WHO:A82,Cambodia_Rabies,Cambodia_Rabies,Rabies,ជំងឺឆ្កែឆ្កួតខាំ,,,Diagnosis,N/A,,,,
,,ICD 10 - WHO:B05,Cambodia_Measles,Cambodia_Measles,Measles,កញ្រ្ចិល,,,Diagnosis,N/A,,,,
,,ICD 10 - WHO:B65,Cambodia_Schistosomiasis,Cambodia_Schistosomiasis,Schistosomiasis,ស៊ីសស្តូសូមីញ៉ាស៊ីស,,,Diagnosis,N/A,,,,
,,ICD 10 - WHO:D64.9,Cambodia_Anemia unspecified,Cambodia_Anemia unspecified,Anemia unspecified,ជំងឺស្លេកស្លាំង,,,Diagnosis,N/A,,,,
,,ICD 10 - WHO:E16.2,Cambodia_Hypoglycemia unspecified,Cambodia_Hypoglycemia unspecified,Hypoglycemia unspecified,ជំងឺថយចុះជាតិស្ករ,,,Diagnosis,N/A,,,,
,,ICD 10 - WHO:G03.9,"Cambodia_Meningistis, unspecified","Cambodia_Meningistis, unspecified","Meningistis, unspecified",ជំងឺរលាកស្រោមខួរក្បាល,,,Diagnosis,N/A,,,,
,,ICD 10 - WHO:G40.9 ,"Cambodia_Epilepsy, unspecified","Cambodia_Epilepsy, unspecified","Epilepsy, unspecified",ជំងឺឆ្កួតជ្រូក,,,Diagnosis,N/A,,,,
,,ICD 10 - WHO:I50.9,Cambodia_Unspecified heart failure,Cambodia_Unspecified heart failure,Unspecified heart failure,ជម្ងឺខ្សោយបេះដូង,,,Diagnosis,N/A,,,,
,,ICD 10 - WHO:I20,Cambodia_Angina pectoris,Cambodia_Angina pectoris,Angina pectoris,ចុកទ្រូងដោយសារបញ្ហាសរសៃឈាមបេះដូង,,,Diagnosis,N/A,,,,
,,ICD 10 - WHO:I21,Cambodia_Acute myocardial infarction,Cambodia_Acute myocardial infarction,Acute myocardial infarction,ស្លាប់សាច់បេះដូងស្រួចស្រាវ,,,Diagnosis,N/A,,,,
,,ICD 10 - WHO:I63,Cambodia_Cerebral Infarction,Cambodia_Cerebral Infarction,Cerebral Infarction,ស្ទះសរសៃរឈាមខួរក្បាល,,,Diagnosis,N/A,,,,
,,ICD 10 - WHO:K27,"Cambodia_Peptic Ulcer, site unspecifed","Cambodia_Peptic Ulcer, site unspecifed","Peptic Ulcer, site unspecifed",ដំបៅក្រពះ,,,Diagnosis,N/A,,,,
,,ICD 10 - WHO:K29.1,Cambodia_Acute gastritis,Cambodia_Acute gastritis,Acute gastritis,រលាកក្រពះស្រួចស្រាវ,,,Diagnosis,N/A,,,,
,,ICD 10 - WHO:K29.5 ,Cambodia_Unspecified chronic gastritis,Cambodia_Unspecified chronic gastritis,Unspecified chronic gastritis,រលាកក្រពះរ៉ាំរ៉ៃ,,,Diagnosis,N/A,,,,
,,ICD 10 - WHO:k74.6,Cambodia_Cirrhosis,Cambodia_Cirrhosis,Cirrhosis,ក្រិនថ្លើម,,,Diagnosis,N/A,,,,
,,ICD 10 - WHO:K81,Cambodia_Cholecystitis,Cambodia_Cholecystitis,Cholecystitis,រលាកថង់ទឹកប្រមាត់,,,Diagnosis,N/A,,,,
,,ICD 10 - WHO:M13.99,"Cambodia_Arthritis, unspecified","Cambodia_Arthritis, unspecified","Arthritis, unspecified",រលាកសន្លាក់គ្មានខ្ទុះ,,,Diagnosis,N/A,,,,
,,ICD 10 - WHO:M81.99 ,"Cambodia_Osteoporosis, unspecified","Cambodia_Osteoporosis, unspecified","Osteoporosis, unspecified",រោគពុកឆ្អឹង,,,Diagnosis,N/A,,,,
,,ICD 10 - WHO:N05.9 ,Cambodia_Nephritic Syndrome,Cambodia_Nephritic Syndrome,Nephritic Syndrome,,,,Diagnosis,N/A,,,,
,,ICD 10 - WHO:N23,Cambodia_Unspecified renal colic,Cambodia_Unspecified renal colic,Unspecified renal colic,ចុកតំរងនោម,,,Diagnosis,N/A,,,,
,,ICD 10 - WHO:R17,Cambodia_Unspecified Jaundice,Cambodia_Unspecified Jaundice,Unspecified Jaundice,ជំងឺគ្រុនលឿង,,,Diagnosis,N/A,,,,
,,ICD 10 - WHO:R18,Cambodia_Ascites,Cambodia_Ascites,Ascites,ទាចទឹក,,,Diagnosis,N/A,,,,
,,ICD 10 - WHO:T50,Cambodia_Drug Toxicity,Cambodia_Drug Toxicity,Drug Toxicity,ពុលថ្នាំពេទ្យ,,,Diagnosis,N/A,,,,
,,ICD 10 - WHO:T61,Cambodia_Food intoxication,Cambodia_Food intoxication,Food intoxication,ពុលចំណីអាហារ,,,Diagnosis,N/A,,,,
,,ICD 10 - WHO:T63.0,Cambodia_Snake Bite,Cambodia_Snake Bite,Snake Bite,ពស់ចឹក,,,Diagnosis,N/A,,,,
,,ICD 10 - WHO:T65,Cambodia_Poisoning/Ingestion of non medicinal substain,Cambodia_Poisoning/Ingestion of non medicinal substain,Poisoning/Ingestion of non medicinal substain,ពុលសារធាតុផ្សេងៗ,,,Diagnosis,N/A,,,,
,,ICD 10 - WHO:T60,Cambodia_Poisoning/Ingestion of Chemical sustains,Cambodia_Poisoning/Ingestion of Chemical sustains,Poisoning/Ingestion of Chemical sustains,ពុលសារធាតុគីមី,,,Diagnosis,N/A,,,,
,,,Cambodia_Other Diseases,Cambodia_Other Diseases,Other Diseases,ជំងឺទូទៅផ្សេងៗ,,,Diagnosis,N/A,,,,
,,ICD 10 - WHO:A64,Cambodia_STD,Cambodia_STD,STD,ជំងឺកាមរោគ (STD),,,Diagnosis,N/A,,,,
,,ICD 10 - WHO:A91,"Cambodia_Dengue Fever, Hemorrhagic (non shock)","Cambodia_Dengue Fever, Hemorrhagic (non shock)","Dengue Fever, Hemorrhagic (non shock)",ជំងឺគ្រុនឈាមគ្មានស្ហុក,,,Diagnosis,N/A,,,,
,,ICD 10 - WHO:A91.1,"Cambodia_Dengue Fever, Hemorrhagic (With shock)","Cambodia_Dengue Fever, Hemorrhagic (With shock)","Dengue Fever, Hemorrhagic (With shock)",ជំងឺគ្រុនឈាមមានស្ហុក,,,Diagnosis,N/A,,,,
,,ICD 10 - WHO:A91.2,Cambodia_Suspected Dengue Fever,Cambodia_Suspected Dengue Fever,Suspected Dengue Fever,គ្រុនឈាមសង្ស័យ​,,,Diagnosis,N/A,,,,
,,ICD 10 - WHO:A91.3,Cambodia_Suspected Dengue Fever,Cambodia_Suspected Dengue Fever,Suspected Dengue Fever,គ្រុនឈាមប្រហាក់ប្រហែល,,,Diagnosis,N/A,,,,
,,ICD 10 - WHO:A92.0,Cambodia_Chikungunya virus disease,Cambodia_Chikungunya virus disease,Chikungunya virus disease,គ្រុនឈិកសង្ស័យ,,,Diagnosis,N/A,,,,
,,ICD 10 - WHO:A92.1,Cambodia_Chikungunya virus disease suspected,Cambodia_Chikungunya virus disease suspected,Chikungunya virus disease suspected,គ្រុនឈិកប្រហាក់ប្រហែល,,,Diagnosis,N/A,,,,
,,ICD 10 - WHO:B08.4,Cambodia_Enteroviral vesicular stomatitis with exanthem,Cambodia_Enteroviral vesicular stomatitis with exanthem,Enteroviral vesicular stomatitis with exanthem,ជំងឹពងបែកនៅដៃ-ជើង-មាត់,,,Diagnosis,N/A,,,,
,,ICD 10 - WHO:B15,Cambodia_Hepatitis A,Cambodia_Hepatitis A,Hepatitis A,រលាកថ្លើមប្រភេទ A,,,Diagnosis,N/A,,,,
,,ICD 10 - WHO:B16,Cambodia_Hepatitis B,Cambodia_Hepatitis B,Hepatitis B,រលាកថ្លើមប្រភេទ B,,,Diagnosis,N/A,,,,
,,ICD 10 - WHO:B17.1,Cambodia_Hepatitis C,Cambodia_Hepatitis C,Hepatitis C,រលាកថ្លើមប្រភេទ C,,,Diagnosis,N/A,,,,
,,ICD 10 - WHO:B20,Cambodia_HIV/AIDS,Cambodia_HIV/AIDS,HIV/AIDS,ជំងឺអេដស៏,,,Diagnosis,N/A,,,,
,,ICD 10 - WHO:B50,"Cambodia_Malaria, Plasmodium falciparum malaria with cerebral complications","Cambodia_Malaria, Plasmodium falciparum malaria with cerebral complications","Malaria, Plasmodium falciparum malaria with cerebral complications",គ្រុនចាញ់ស្រាល,,,Diagnosis,N/A,,,,
,,ICD 10 - WHO:B50.8,Cambodia_Other severe and complicated Plasmodium falciparum malaria,Cambodia_Other severe and complicated Plasmodium falciparum malaria,Other severe and complicated Plasmodium falciparum malaria,គ្រុនចាញ់ធ្ងន់ធ្ងរ,,,Diagnosis,N/A,,,,
,,ICD 10 - WHO:J09.0,Cambodia_Influenza due to certain identified influenza virus,Cambodia_Influenza due to certain identified influenza virus,Influenza due to certain identified influenza virus,ផ្តាសាយបក្សី,,,Diagnosis,N/A,,,,
,,ICD 10 - WHO:J09.1,"Cambodia_Influenza, virus not identified","Cambodia_Influenza, virus not identified","Influenza, virus not identified",ផ្តាសាយផ្សេងៗ,,,Diagnosis,N/A,,,,
,,,Cambodia_Other Communicable diseases,Cambodia_Other Communicable diseases,Other Communicable diseases,ជំងឺឆ្លងផ្សេងៗ,,,Diagnosis,N/A,,,,
,,ICD 10 - WHO:A15.0,Cambodia_Tuberculosis of lung,Cambodia_Tuberculosis of lung,Tuberculosis of lung,របេងសួត,,,Diagnosis,N/A,,,,
,,ICD 10 - WHO:A15.6,Cambodia_Tuberculous pleurisy,Cambodia_Tuberculous pleurisy,Tuberculous pleurisy,របេងស្រោមសួត,,,Diagnosis,N/A,,,,
,,ICD 10 - WHO:A15.8,Cambodia_Other respiratory tuberculosis,Cambodia_Other respiratory tuberculosis,Other respiratory tuberculosis,ជំងឺរបេងសួតផ្សេងៗ,,,Diagnosis,N/A,,,,
,,ICD 10 - WHO:A15.9,Cambodia_Respiratory tuberculosis unspecified,Cambodia_Respiratory tuberculosis unspecified,Respiratory tuberculosis unspecified,របេងសួតសង្ស័យ,,,Diagnosis,N/A,,,,
,,ICD 10 - WHO:A17.0,Cambodia_Tuberculous meningitis,Cambodia_Tuberculous meningitis,Tuberculous meningitis,រលាកស្រោមខួរបណ្ដាលមកពីរបេង Tuberculous meningitis,,,Diagnosis,N/A,,,,
,,ICD 10 - WHO:A17.8,Cambodia_Other tuberculosis of nervous system,Cambodia_Other tuberculosis of nervous system,Other tuberculosis of nervous system,របេងប្រព័ន្ឋសរសៃប្រសាទផ្សេងៗ,,,Diagnosis,N/A,,,,
,,ICD 10 - WHO:A18.03,Cambodia_Tuberculosis of other bones,Cambodia_Tuberculosis of other bones,Tuberculosis of other bones,របេងឆ្អឹង,,,Diagnosis,N/A,,,,
,,ICD 10 - WHO:A18.31,Cambodia_Tuberculous peritonitis,Cambodia_Tuberculous peritonitis,Tuberculous peritonitis,របេងស្រោមពោះ,,,Diagnosis,N/A,,,,
,,ICD 10 - WHO:A18.8,Cambodia_Tuberculosis other organs,Cambodia_Tuberculosis other organs,Tuberculosis other organs,របេងសរីរាង្គផេ្សងទៀត,,,Diagnosis,N/A,,,,
,,ICD 10 - WHO:A19,Cambodia_Miliary TB,Cambodia_Miliary TB,Miliary TB,របេងមីលីយែរ,,,Diagnosis,N/A,,,,
,,ICD 10 - WHO:A30.9,"Cambodia_Leprosy, unspecified","Cambodia_Leprosy, unspecified","Leprosy, unspecified",ហង់សិន,,,Diagnosis,N/A,,,,
,,ICD 10 - WHO:A31.0,Cambodia_(MOTT= Mycobacterium other than tuberculosis) Pulmonary mycobacterial infection,Cambodia_(MOTT= Mycobacterium other than tuberculosis) Pulmonary mycobacterial infection,(MOTT= Mycobacterium other than tuberculosis) Pulmonary mycobacterial infection,ជំងឺបង្កឡើងដោយមីកូបាក់តេរីផ្សេងៗ ទៀត,,,Diagnosis,N/A,,,,
,,ICD 10 - WHO:U50.0,Cambodia_(multiple drug resistance TB) confirmed by Culture,Cambodia_(multiple drug resistance TB) confirmed by Culture,(multiple drug resistance TB) confirmed by Culture,របេងស៊ាំថ្នាំមានការបណ្ដុះមេរោគ,,,Diagnosis,N/A,,,,
,,ICD 10 - WHO:E10,Cambodia_Diabetic Type 1,Cambodia_Diabetic Type 1,Diabetic Type 1,ជំងឺទឹកនោមផ្អែម១,,,Diagnosis,N/A,,,,
,,ICD 10 - WHO:E11,Cambodia_Diabetic Type 2,Cambodia_Diabetic Type 2,Diabetic Type 2,ជំងឺទឹកនោមផ្អែម២,,,Diagnosis,N/A,,,,
,,ICD 10 - WHO:E40,Cambodia_SAM with nutritional oedema,Cambodia_SAM with nutritional oedema,SAM with nutritional oedema,កង្វះអាហារូបត្ថម្ភធ្ងន់ធ្ងរស្រូចស្រាវមានហើម,,,Diagnosis,N/A,,,,
,,ICD 10 - WHO:E41,Cambodia_SAM with clinical signs,Cambodia_SAM with clinical signs,SAM with clinical signs,កង្វះអាហារូបត្ថម្ភធ្ងន់ធ្ងរស្រូចស្រាវមានរោគសញ្ញាគ្លីនិក,,,Diagnosis,N/A,,,,
,,ICD 10 - WHO:E43,Cambodia_Severe acute malnutrition (SAM) - weight for height Z score <-3,Cambodia_Severe acute malnutrition (SAM) - weight for height Z score <-3,Severe acute malnutrition (SAM) - weight for height Z score <-3,កង្វះអាហារូបត្ថម្ភធ្ងន់ធ្ងរស្រូចស្រាវ,,,Diagnosis,N/A,,,,
,,ICD 10 - WHO:E44.0,Cambodia_Mild acute malnutrition-weight for height Z score -1 to -2SD,Cambodia_Mild acute malnutrition-weight for height Z score -1 to -2SD,Mild acute malnutrition-weight for height Z score -1 to -2SD,កង្វះអាហារូបត្ថម្ភស្រួចស្រាវ,,,Diagnosis,N/A,,,,
,,ICD 10 - WHO:E44.1,Cambodia_Moderate acute malnutrition - weight for height Z score -2 to -3,Cambodia_Moderate acute malnutrition - weight for height Z score -2 to -3,Moderate acute malnutrition - weight for height Z score -2 to -3,កង្វះអាហារូបត្ថម្ភស្រួចស្រាវមធ្យម,,,Diagnosis,N/A,,,,
,,ICD 10 - WHO:F11.1,Cambodia_Opioid abuse,Cambodia_Opioid abuse,Opioid abuse,បញ្ហាសុខភាពបង្កដោយគ្រឿងញៀន Harmful use,,,Diagnosis,N/A,,,,
,,ICD 10 - WHO:I10.0,Cambodia_Secondary hypertension,Cambodia_Secondary hypertension,Secondary hypertension,លើសសម្ពាធឈាមមកពីផលវិបាកផ្សេងៗ​,,,Diagnosis,N/A,,,,
,,ICD 10 - WHO:I10.9,Cambodia_Primary hypertention,Cambodia_Primary hypertention,Primary hypertention,លើសសម្ពាធឈាមដំបូង,,,Diagnosis,N/A,,,,
,,ICD 10 - WHO:I69,Cambodia_Sequelae of cerebrovascular disease,Cambodia_Sequelae of cerebrovascular disease,Sequelae of cerebrovascular disease,លើសសម្ពាធឈាមមានទន់អវៈយវៈ,,,Diagnosis,N/A,,,,
,,ICD 10 - WHO:O24.4,"Cambodia_diabetes mellitus during pregnancy, childbirth and the puerperium","Cambodia_diabetes mellitus during pregnancy, childbirth and the puerperium","diabetes mellitus during pregnancy, childbirth and the puerperium",ទឹកនោមផ្អែមស្ត្រីមានផ្ទៃពោះ,,,Diagnosis,N/A,,,,
,,ICD 10 - WHO:S06.3,Cambodia_Focal traumatic brain injury,Cambodia_Focal traumatic brain injury,Focal traumatic brain injury,របួសដោយគ្រោះថ្នាក់ចរាចរណ៍ មានប៉ះទង្គិចក្បាល,,,Diagnosis,N/A,,,,
,,ICD 10 - WHO:T14.8,Cambodia_Other injuries of unspecified body region,Cambodia_Other injuries of unspecified body region,Other injuries of unspecified body region,របួសផ្សេងៗ(ក្រៅពីគ្រោះថ្នាក់ចរាចរណ៍និងគ្រាប់មីន),,,Diagnosis,N/A,,,,
,,ICD 10 - WHO:V87,Cambodia_Other specified personal exposures and history presenting hazards to health,Cambodia_Other specified personal exposures and history presenting hazards to health,Other specified personal exposures and history presenting hazards to health,របួសដោយគ្រោះថ្នាក់ចរាចរណ៍ក្រៅពីប៉ះទង្គិចក្បាល,,,Diagnosis,N/A,,,,
,,ICD 10 - WHO:Y38,Cambodia_Terrorism,Cambodia_Terrorism,Terrorism,គ្រោះថ្នាក់ដោយអាវុធជាតិផ្ទុះ,,,Diagnosis,N/A,,,,
,,ICD 10 - WHO:Y92.64,Cambodia_Mine or pit as the place of occurrence of the external cause,Cambodia_Mine or pit as the place of occurrence of the external cause,Mine or pit as the place of occurrence of the external cause,របួសដោយគ្រោះថ្នាក់ដោយគ្រាប់មីន,,,Diagnosis,N/A,,,,
,,,Cambodia_Other Non Communication Diseases,Cambodia_Other Non Communication Diseases,Other Non Communication Diseases,ជំងឺមិនឆ្លងផ្សេងៗ,,,Diagnosis,N/A,,,,
,,ICD 10 - WHO:F20,Cambodia_Schizophrenia,Cambodia_Schizophrenia,Schizophrenia,ជំងឺវិកលចរិត,,,Diagnosis,N/A,,,,
,,ICD 10 - WHO:F30,Cambodia_Manic episode,Cambodia_Manic episode,Manic episode,ជំងឺឡប់សតិ,,,Diagnosis,N/A,,,,
,,ICD 10 - WHO:F31,Cambodia_Bipolar disorder,Cambodia_Bipolar disorder,Bipolar disorder,ភាពខូចសណ្ដាប់ធ្នាប់នៃស្មារតី,,,Diagnosis,N/A,,,,
,,ICD 10 - WHO:F32,Cambodia_Depression,Cambodia_Depression,Depression,ជំងឺព្រួយធ្លាក់ទឹកចិត្ត,,,Diagnosis,N/A,,,,
,,ICD 10 - WHO:F41,Cambodia_Other Anxiety Disorder,Cambodia_Other Anxiety Disorder,Other Anxiety Disorder,ជំងឺថប់បារម្ភផ្សេង,,,Diagnosis,N/A,,,,
,,ICD 10 - WHO:F51,Cambodia_Sleep Disorder,Cambodia_Sleep Disorder,Sleep Disorder,វិបត្តិដំណេក,,,Diagnosis,N/A,,,,
,,ICD 10 - WHO:F99,Cambodia_Other mental disorder,Cambodia_Other mental disorder,Other mental disorder,សុខភាពផ្លូវចិត្តផ្សេងៗ,,,Diagnosis,N/A,,,,
,,ICD 10 - WHO:B07,Cambodia_Genital Warts,Cambodia_Genital Warts,Genital Warts,សិរមាន់/ដុះសាច់នៅលើប្រដាប់បន្តពូជ,,,Diagnosis,N/A,,,,
,,ICD 10 - WHO:B08,Cambodia_Other viral genital infection,Cambodia_Other viral genital infection,Other viral genital infection,ការបង្ករោគលើប្រដាប់បន្តពូជដោយវីរុសផ្សេងៗទៀត,,,Diagnosis,N/A,,,,
,,ICD 10 - WHO:N60.0,Cambodia_Solitary cyst of breast,Cambodia_Solitary cyst of breast,Solitary cyst of breast,គីសដោះ,,,Diagnosis,N/A,,,,
,,ICD 10 - WHO:N71.01,Cambodia_Accute salpingitis,Cambodia_Accute salpingitis,Accute salpingitis,រលាកដៃស្បួនស្រួចស្រាវ,,,Diagnosis,N/A,,,,
,,ICD 10 - WHO:N72,Cambodia_Inflammatory disease of cervix uteri,Cambodia_Inflammatory disease of cervix uteri,Inflammatory disease of cervix uteri,រលាកមាត់ស្បួន,,,Diagnosis,N/A,,,,
,,ICD 10 - WHO:N76,Cambodia_Inflammation of vulva vagina,Cambodia_Inflammation of vulva vagina,Inflammation of vulva vagina,ជំងឺរលាកប្រដាប់ភេទស្រ្តី,,,Diagnosis,N/A,,,,
,,ICD 10 - WHO:N81.4,Cambodia_Uterus Vaginal Prolaps,Cambodia_Uterus Vaginal Prolaps,Uterus Vaginal Prolaps,ស្រុតស្បួន,,,Diagnosis,N/A,,,,
,,ICD 10 - WHO:N82,Cambodia_Genital fistula,Cambodia_Genital fistula,Genital fistula,ការធ្លាយរន្ធថ្មីជាមួយទ្វារមាស,,,Diagnosis,N/A,,,,
,,ICD 10 - WHO:N83,"Cambodia_Noninflammory disorders of ovary, fallopian tube and broad ligament","Cambodia_Noninflammory disorders of ovary, fallopian tube and broad ligament","Noninflammory disorders of ovary, fallopian tube and broad ligament",,,,Diagnosis,N/A,,,,
,,ICD 10 - WHO:N83.29,Cambodia_Ovarian cyst,Cambodia_Ovarian cyst,Ovarian cyst,គីសដៃស្បូន,,,Diagnosis,N/A,,,,
,,ICD 10 - WHO:N83.6,Cambodia_Haematosalpinx,Cambodia_Haematosalpinx,Haematosalpinx,ដុំឈាមក្នុងដៃស្បូន,,,Diagnosis,N/A,,,,
,,ICD 10 - WHO:N89.8,Cambodia_Vaginal Discharge,Cambodia_Vaginal Discharge,Vaginal Discharge,ធ្លាក់ស​ឬហូរខ្ទុះតាមទ្វារមាស,,,Diagnosis,N/A,,,,
,,ICD 10 - WHO:N92.6,"Cambodia_Irregular menstruation, unspecified","Cambodia_Irregular menstruation, unspecified","Irregular menstruation, unspecified",ជំងឺវដ្តរដូវមិនទៀង,,,Diagnosis,N/A,,,,
,,ICD 10 - WHO:N94.6,"Cambodia_Dysmenorrhoea, unspecified","Cambodia_Dysmenorrhoea, unspecified","Dysmenorrhoea, unspecified",ការឈឺចាប់ពេលមានរដូវ,,,Diagnosis,N/A,,,,
,,ICD 10 - WHO:O03,Cambodia_Spontanous abortion,Cambodia_Spontanous abortion,Spontanous abortion,រលូត,,,Diagnosis,N/A,,,,
,,ICD 10 - WHO:O04,Cambodia_Medical abortion,Cambodia_Medical abortion,Medical abortion,រំលូត,,,Diagnosis,N/A,,,,
,,,Cambodia_Other Gyneco diseases,Cambodia_Other Gyneco diseases,Other Gyneco diseases,ជំងឺរោគស្រ្តីផ្សេងៗ,,,Diagnosis,N/A,,,,
,,ICD 10 - WHO:O00,Cambodia_Ectopic Pregnancy,Cambodia_Ectopic Pregnancy,Ectopic Pregnancy,កូនក្រៅស្បូន,,,Diagnosis,N/A,,,,
,,ICD 10 - WHO:O01,Cambodia_Hydatidiform mole,Cambodia_Hydatidiform mole,Hydatidiform mole,កូនពង,,,Diagnosis,N/A,,,,
,,ICD 10 - WHO:O02.1,Cambodia_Early fetal death,Cambodia_Early fetal death,Early fetal death,ទារកស្លាប់ក្នុងផ្ទៃក្រោម២៦សប្តាហ៍,,,Diagnosis,N/A,,,,
,,ICD 10 - WHO:O12.0,Cambodia_Gestational oedema,Cambodia_Gestational oedema,Gestational oedema,ហើមពេលមានផ្ទៃពោះ,,,Diagnosis,N/A,,,,
,,ICD 10 - WHO:O13,Cambodia_Gestational Hypertension,Cambodia_Gestational Hypertension,Gestational Hypertension,លើសឈាមនៅពេលមានផ្ទៃពោះ,,,Diagnosis,N/A,,,,
,,ICD 10 - WHO:O14.0,Cambodia_Mild to moderate pre-eclamsia,Cambodia_Mild to moderate pre-eclamsia,Mild to moderate pre-eclamsia,បំរុងក្រឡាភ្លើងមិនធ្ងន់ធ្ងរ,,,Diagnosis,N/A,,,,
,,ICD 10 - WHO:O14.1,Cambodia_Severe pre-eclampsia,Cambodia_Severe pre-eclampsia,Severe pre-eclampsia,បំរុងក្រឡាភ្លើងធ្ងន់ធ្ងរ,,,Diagnosis,N/A,,,,
,,ICD 10 - WHO:O15,Cambodia_Eclampsia,Cambodia_Eclampsia,Eclampsia,ក្រឡាភ្លើង,,,Diagnosis,N/A,,,,
,,ICD 10 - WHO:O20,Cambodia_Hemorrhage in early pregnancy,Cambodia_Hemorrhage in early pregnancy,Hemorrhage in early pregnancy,ធ្លាក់ឈាមមុនសម្រាល,,,Diagnosis,N/A,,,,
,,ICD 10 - WHO:O21,Cambodia_Excessive vomiting in pregnancy,Cambodia_Excessive vomiting in pregnancy,Excessive vomiting in pregnancy,ក្អួតខ្លាំងពេលមានផ្ទៃពោះ,,,Diagnosis,N/A,,,,
,,ICD 10 - WHO:O43,Cambodia_Placental disorders,Cambodia_Placental disorders,Placental disorders,សុកនៅខុសកន្លែង,,,Diagnosis,N/A,,,,
,,ICD 10 - WHO:O43.21,Cambodia_Placenta accreta,Cambodia_Placenta accreta,Placenta accreta,សុកស៊ីជាប់សាច់ស្បួនរាក់,,,Diagnosis,N/A,,,,
,,ICD 10 - WHO:O43.23,Cambodia_Placenta percreta,Cambodia_Placenta percreta,Placenta percreta,សុកស៊ីជាប់សាច់ស្បួនជ្រៅ,,,Diagnosis,N/A,,,,
,,ICD 10 - WHO:O44,Cambodia_Placenta previa,Cambodia_Placenta previa,Placenta previa,សុកពាំងមាត់ស្បូន,,,Diagnosis,N/A,,,,
,,ICD 10 - WHO:O45,Cambodia_Abruptio Placenta,Cambodia_Abruptio Placenta,Abruptio Placenta,របើកសុកមុនកំណត់,,,Diagnosis,N/A,,,,
,,ICD 10 - WHO:O69.0,Cambodia_prolapse of cord,Cambodia_prolapse of cord,prolapse of cord,ការធ្លាក់ទងសុកមកមុន,,,Diagnosis,N/A,,,,
,,ICD 10 - WHO:O72,Cambodia_Post Partum Hemorrhage,Cambodia_Post Partum Hemorrhage,Post Partum Hemorrhage,ធ្លាក់ឈាមក្រោយសម្រាលកូន,,,Diagnosis,N/A,,,,
,,ICD 10 - WHO:O73,Cambodia_Retained placenta,Cambodia_Retained placenta,Retained placenta,សល់សុកក្នុងស្បូន,,,Diagnosis,N/A,,,,
,,ICD 10 - WHO:O85,Cambodia_Puerperal sepsis,Cambodia_Puerperal sepsis,Puerperal sepsis,ឆ្លងរោគក្រោយសម្រាលកូន,,,Diagnosis,N/A,,,,
,,ICD 10 - WHO:O90.81,Cambodia_Puerperal Anemia,Cambodia_Puerperal Anemia,Puerperal Anemia,ស្លេកស្លាំងក្រោយសម្រាល,,,Diagnosis,N/A,,,,
,,ICD 10 - WHO:O99.01,"Cambodia_Other diseases of the blood and blood-forming organs and certain disorders involving the immune mechanism complicating pregnancy, childbirth and the puerperium","Cambodia_Other diseases of the blood and blood-forming organs and certain disorders involving the immune mechanism complicating pregnancy, childbirth and the puerperium","Other diseases of the blood and blood-forming organs and certain disorders involving the immune mechanism complicating pregnancy, childbirth and the puerperium",ស្លេកស្លាំងដោយសារមានផ្ទៃពោះ,,,Diagnosis,N/A,,,,
,,,Cambodia_Other,Cambodia_Other,Other,ជំងឺផ្នែកសម្ភពផ្សេងៗ,,,Diagnosis,N/A,,,,
,,ICD 10 - WHO:J06.9,Cambodia_Acute upper respiratory infection,Cambodia_Acute upper respiratory infection,Acute upper respiratory infection,រលាកផ្លូវដង្ហើមលើស្រួចស្រាវ,,,Diagnosis,N/A,,,,
,,ICD 10 - WHO:J18.9,Cambodia_Pneumonia,Cambodia_Pneumonia,Pneumonia,ជំងឺរលាកសួត,,,Diagnosis,N/A,,,,
,,ICD 10 - WHO:J20,Cambodia_Acute bronchitis,Cambodia_Acute bronchitis,Acute bronchitis,រលាកទងសួតស្រួចស្រាវ,,,Diagnosis,N/A,,,,
,,ICD 10 - WHO:J21,Cambodia_Acute bronchiolitis,Cambodia_Acute bronchiolitis,Acute bronchiolitis,ការរលាកទងសួតតូចស្រួចស្រាវ,,,Diagnosis,N/A,,,,
,,ICD 10 - WHO:J22,Cambodia_Other acute lower respiratory infection,Cambodia_Other acute lower respiratory infection,Other acute lower respiratory infection,រលាកផ្លូវដង្ហើមខាងក្រោមផេ្សងទៀត,,,Diagnosis,N/A,,,,
,,ICD 10 - WHO:J43,Cambodia_Emphysema,Cambodia_Emphysema,Emphysema,ខ្យល់ក្នុងសួត,,,Diagnosis,N/A,,,,
,,ICD 10 - WHO:J45,Cambodia_Asthma,Cambodia_Asthma,Asthma,ជំងឺហឺត​,,,Diagnosis,N/A,,,,
,,ICD 10 - WHO:J47,Cambodia_Bronchiectasis,Cambodia_Bronchiectasis,Bronchiectasis,ជំងឺរីកទងសួត,,,Diagnosis,N/A,,,,
,,ICD 10 - WHO:J80,Cambodia_Adult respiratory distress syndrome,Cambodia_Adult respiratory distress syndrome,Adult respiratory distress syndrome,,,,Diagnosis,N/A,,,,
,,ICD 10 - WHO:J81.0,Cambodia_Acute pulmonary edema,Cambodia_Acute pulmonary edema,Acute pulmonary edema,ហើមសួតស្រួចស្រាវ,,,Diagnosis,N/A,,,,
,,ICD 10 - WHO:J85,Cambodia_Abscess of lung,Cambodia_Abscess of lung,Abscess of lung,បូសសួត,,,Diagnosis,N/A,,,,
,,ICD 10 - WHO:J86,Cambodia_Pyothorax,Cambodia_Pyothorax,Pyothorax,ខ្ទុះក្នុងសួត,,,Diagnosis,N/A,,,,
,,ICD 10 - WHO:J90,Cambodia_Pleural effusion,Cambodia_Pleural effusion,Pleural effusion,ទឹកស្រោមសួត,,,Diagnosis,N/A,,,,
,,ICD 10 - WHO:J96.0,Cambodia_Acute respiratory failure,Cambodia_Acute respiratory failure,Acute respiratory failure,ខ្សោយសួតស្រួចស្រាវ,,,Diagnosis,N/A,,,,
,,ICD 10 - WHO:J96.1,Cambodia_Chronic respiratory failure,Cambodia_Chronic respiratory failure,Chronic respiratory failure,ខ្សោយសួតរ៉ាំ​រ៉ៃ,,,Diagnosis,N/A,,,,
,,ICD 10 - WHO:J98.11,Cambodia_Atelectasis,Cambodia_Atelectasis,Atelectasis,ស្វិតសួត,,,Diagnosis,N/A,,,,
,,ICD 10 - WHO:R04.2,Cambodia_Hemoptysis,Cambodia_Hemoptysis,Hemoptysis,ក្អកឈាម,,,Diagnosis,N/A,,,,
,,ICD 10 - WHO:R05,Cambodia_Cough (more than 14days),Cambodia_Cough (more than 14days),Cough (more than 14days),ក្អកលើសពី១៤ថ្ងៃ,,,Diagnosis,N/A,,,,
,,ICD 10 - WHO:R06.0,Cambodia_Dyspnea,Cambodia_Dyspnea,Dyspnea,ជំងឺហត់,,,Diagnosis,N/A,,,,
,,,Cambodia_Other Respiratory Disorders,Cambodia_Other Respiratory Disorders,Other Respiratory Disorders,ជំងឺផ្លូវដង្ហើមផ្សេងៗ,,,Diagnosis,N/A,,,,
,,ICD 10 - WHO:B86,Cambodia_Scabies,Cambodia_Scabies,Scabies,រមាស់ក្រោមស្បែក,,,Diagnosis,N/A,,,,
,,ICD 10 - WHO:L01,Cambodia_Impetigo,Cambodia_Impetigo,Impetigo,រលកកែវ,,,Diagnosis,N/A,,,,
,,ICD 10 - WHO:L02.03,Cambodia_Carbuncle​ of face​​,Cambodia_Carbuncle​ of face​​,Carbuncle​ of face​​,បូសទ្រនិចនៅមុខ​,,,Diagnosis,N/A,,,,
,,ICD 10 - WHO:L20,Cambodia_Atopic dermatitis,Cambodia_Atopic dermatitis,Atopic dermatitis,រលាកស្បែកត្រអក​,,,Diagnosis,N/A,,,,
,,ICD 10 - WHO:L21,Cambodia_seborrhoeic dermatitis,Cambodia_seborrhoeic dermatitis,seborrhoeic dermatitis,ជំងឺស្បែកឡើងក្រាស់,,,Diagnosis,N/A,,,,
,,ICD 10 - WHO:L26,Cambodia_exfoliative dermatitis,Cambodia_exfoliative dermatitis,exfoliative dermatitis,រលាកស្បែកឡើងក្រហម,,,Diagnosis,N/A,,,,
,,ICD 10 - WHO:L29,Cambodia_Pruritus,Cambodia_Pruritus,Pruritus,រមាស់ស្បែក,,,Diagnosis,N/A,,,,
,,ICD 10 - WHO:L40,Cambodia_Psoriasis,Cambodia_Psoriasis,Psoriasis,រលាកស្បែកបែកស្រកាឡើងក្រហម,,,Diagnosis,N/A,,,,
,,ICD 10 - WHO:L50,Cambodia_Urticaria,Cambodia_Urticaria,Urticaria,កន្ទាលត្រអាក,,,Diagnosis,N/A,,,,
,,ICD 10 - WHO:L51,Cambodia_Erythema multiforme,Cambodia_Erythema multiforme,Erythema multiforme,ពងទឹកលើស្បែក,,,Diagnosis,N/A,,,,
,,ICD 10 - WHO:L55,Cambodia_Sunburn,Cambodia_Sunburn,Sunburn,រលាកស្បែកដោយសារកំដៅថ្ងៃ,,,Diagnosis,N/A,,,,
,,ICD 10 - WHO:L58,Cambodia_Radiodermatitis,Cambodia_Radiodermatitis,Radiodermatitis,រលាកស្បែកដោយសារកាំរស្មី,,,Diagnosis,N/A,,,,
,,ICD 10 - WHO:L70,Cambodia_Acne,Cambodia_Acne,Acne,ជំងឺមុន,,,Diagnosis,N/A,,,,
,,ICD 10 - WHO:L71,Cambodia_rosacea,Cambodia_rosacea,rosacea,ជំងឺមុនលើផ្ទៃមុខ,,,Diagnosis,N/A,,,,
,,,Cambodia_Other Skin diseases,Cambodia_Other Skin diseases,Other Skin diseases,ជំងឺសើស្បែកផ្សេងៗ,,,Diagnosis,N/A,,,,
,,ICD 10 - WHO:K00.1,Cambodia_Supernumerary teeth,Cambodia_Supernumerary teeth,Supernumerary teeth,ធ្មេញដុះលើសចំនួន,,,Diagnosis,N/A,,,,
,,ICD 10 - WHO:K01,Cambodia_Embedded and impacted teeth,Cambodia_Embedded and impacted teeth,Embedded and impacted teeth,ធ្មេញដុះកប់ជ្រៅ,,,Diagnosis,N/A,,,,
,,ICD 10 - WHO:K02,Cambodia_Dental caries,Cambodia_Dental caries,Dental caries,ដង្កូវស៊ីធ្មេញ,,,Diagnosis,N/A,,,,
,,ICD 10 - WHO:K03,Cambodia_Other diseases of hard tissues of teeth,Cambodia_Other diseases of hard tissues of teeth,Other diseases of hard tissues of teeth,ជំងឺអញ្ចាញធ្មេញផ្សេងៗ,,,Diagnosis,N/A,,,,
,,ICD 10 - WHO:K03.81,Cambodia_Cracked tooth,Cambodia_Cracked tooth,Cracked tooth,ធ្មេញប្រេះ,,,Diagnosis,N/A,,,,
,,ICD 10 - WHO:K05.0,Cambodia_Acute gingivitis,Cambodia_Acute gingivitis,Acute gingivitis,រលាកអញ្ចាញធ្មេញស្រួចស្រាវ,,,Diagnosis,N/A,,,,
,,ICD 10 - WHO:K05.1,Cambodia_Chronic gingivitis,Cambodia_Chronic gingivitis,Chronic gingivitis,រលាកអញ្ចាញធ្មេញរ៉ាំរៃ,,,Diagnosis,N/A,,,,
,,ICD 10 - WHO:K04.7,Cambodia_Dental Abscess,Cambodia_Dental Abscess,Dental Abscess,បូសធ្មេញ,,,Diagnosis,N/A,,,,
,,,Cambodia_Other Oral diseases,Cambodia_Other Oral diseases,Other Oral diseases,ជំងឺមាត់ធ្មេញផ្សេងៗ,,,Diagnosis,N/A,,,,
,,ICD 10 - WHO:A71,Cambodia_Trachoma,Cambodia_Trachoma,Trachoma,ជំងឺអៀស៊ីភ្នែក,,,Diagnosis,N/A,,,,
,,ICD 10 - WHO:H00.03,Cambodia_Abscess of eyelid,Cambodia_Abscess of eyelid,Abscess of eyelid,ខ្ទុះនៅត្របកភ្នែក,,,Diagnosis,N/A,,,,
,,ICD 10 - WHO:H00.1,Cambodia_Chalazion,Cambodia_Chalazion,Chalazion,ជំងឺពពែភ្នែក,,,Diagnosis,N/A,,,,
,,ICD 10 - WHO:H01.0,Cambodia_Blepharitis,Cambodia_Blepharitis,Blepharitis,ជំងឺរលាកត្របកភ្នែក,,,Diagnosis,N/A,,,,
,,ICD 10 - WHO:H02.0,Cambodia_Trichiasis,Cambodia_Trichiasis,Trichiasis,ជំងឺប្រែងចាកភ្នែក,,,Diagnosis,N/A,,,,
,,ICD 10 - WHO:H02.2,Cambodia_Lagophthalmos,Cambodia_Lagophthalmos,Lagophthalmos,ត្របកភ្នែកបិទអត់ជិត,,,Diagnosis,N/A,,,,
,,ICD 10 - WHO:H02.4,Cambodia_Ptosis of eyelid,Cambodia_Ptosis of eyelid,Ptosis of eyelid,ជំងឺធ្លាក់ត្របកភ្នែក,,,Diagnosis,N/A,,,,
,,ICD 10 - WHO:H02.6,Cambodia_Xanthelasma of eyelid,Cambodia_Xanthelasma of eyelid,Xanthelasma of eyelid,ដុំខ្លាញ់នៅត្របកភ្នែក,,,Diagnosis,N/A,,,,
,,ICD 10 - WHO:H02.82,Cambodia_Cysts of eyelid,Cambodia_Cysts of eyelid,Cysts of eyelid,ដុំគីសលើត្របកភ្នែក,,,Diagnosis,N/A,,,,
,,ICD 10 - WHO:H02.83,Cambodia_Dermatochalasis of eyelid,Cambodia_Dermatochalasis of eyelid,Dermatochalasis of eyelid,ជំងឺសាច់ត្របកភ្នែកដុះច្រើន,,,Diagnosis,N/A,,,,
,,ICD 10 - WHO:H04.0,Cambodia_Dacryoadenitis,Cambodia_Dacryoadenitis,Dacryoadenitis,ជំងឺរលាកក្រពេញបញ្ចេញទឹកភ្នែក,,,Diagnosis,N/A,,,,
,,ICD 10 - WHO:H04.12,Cambodia_Dry eye syndrom,Cambodia_Dry eye syndrom,Dry eye syndrom,ជំងឺស្ងួតគ្រាប់ភ្នែក,,,Diagnosis,N/A,,,,
,,ICD 10 - WHO:H04.13,Cambodia_Lacrimal cyst,Cambodia_Lacrimal cyst,Lacrimal cyst,គីសក្រពេញទឹកភ្នែក,,,Diagnosis,N/A,,,,
,,ICD 10 - WHO:H04.2,Cambodia_Epiphora,Cambodia_Epiphora,Epiphora,ជំងឺហូរទឹកភ្នែកច្រើន,,,Diagnosis,N/A,,,,
,,ICD 10 - WHO:H04.32,Cambodia_Acute dacryocystitis,Cambodia_Acute dacryocystitis,Acute dacryocystitis,រលាកថង់ទឹកភ្នែកស្រួចស្រាវ,,,Diagnosis,N/A,,,,
,,ICD 10 - WHO:H04.41,Cambodia_Chronic dacryocystitis,Cambodia_Chronic dacryocystitis,Chronic dacryocystitis,រលាកថង់ទឹកភ្នែករុំារ៉ៃ,,,Diagnosis,N/A,,,,
,,ICD 10 - WHO:H05.81,Cambodia_Cyst of orbit,Cambodia_Cyst of orbit,Cyst of orbit,គីសអ័កប៊ីត,,,Diagnosis,N/A,,,,
,,ICD 10 - WHO:H10,Cambodia_Conjunctivitis,Cambodia_Conjunctivitis,Conjunctivitis,ជំងឺភ្នែកក្រហម,,,Diagnosis,N/A,,,,
,,ICD 10 - WHO:H11.00,Cambodia_pterygium of eye,Cambodia_pterygium of eye,pterygium of eye,ជំងឺកន្ទុយថ្លែន,,,Diagnosis,N/A,,,,
,,ICD 10 - WHO:H16,Cambodia_Keratitis,Cambodia_Keratitis,Keratitis,រលាកកញ្ចក់ភ្នែក,,,Diagnosis,N/A,,,,
,,ICD 10 - WHO:H16.0,Cambodia_Corneal ulcer,Cambodia_Corneal ulcer,Corneal ulcer,ដំបៅកញ្ចក់ភ្នែក,,,Diagnosis,N/A,,,,
,,ICD 10 - WHO:H20.8,Cambodia_Uveitis,Cambodia_Uveitis,Uveitis,ជំងឺរលាកប្រស្រីភ្នែក,,,Diagnosis,N/A,,,,
,,ICD 10 - WHO:H25,Cambodia_Age related cataract,Cambodia_Age related cataract,Age related cataract,ជំងឺឡើងបាយភ្នែកមនុស្សចាស់,,,Diagnosis,N/A,,,,
,,ICD 10 - WHO:H26,Cambodia_Other Cataract,Cambodia_Other Cataract,Other Cataract,ជំងឺឡើងបាយភ្នែកផ្សេងៗ,,,Diagnosis,N/A,,,,
,,ICD 10 - WHO:H40,Cambodia_Glaucoma,Cambodia_Glaucoma,Glaucoma,ជំងឺដក់ទឹកក្នុងភ្នែក,,,Diagnosis,N/A,,,,
,,,Cambodia_Other Eye problem,Cambodia_Other Eye problem,Other Eye problem,ជំងឺភ្នែកផ្សេងៗ,,,Diagnosis,N/A,,,,
,,,Cambodia_Diagnoses,Cambodia_Diagnoses,Diagnoses,,,,ConvSet,N/A,,"Cambodia_Cholera; Cambodia_Cholera, unspecified; Cambodia_Typhoid and Paratyphoid Fevers; Cambodia_Amebiasis; Cambodia_Gastroenteritis diarrhea; Cambodia_Gastroenteritis diarrhea (moderate); Cambodia_Gastroenteritis diarrhea (severe); Cambodia_Tetanus neonatorum; Cambodia_Tetanus Other; Cambodia_Diphtheria; Cambodia_Whooping cough; Cambodia_Sepsis, unspecified organism; Cambodia_Acute poliomyelitis; Cambodia_Rabies; Cambodia_Measles; Cambodia_Schistosomiasis; Cambodia_Anemia unspecified; Cambodia_Hypoglycemia unspecified; Cambodia_Meningistis, unspecified; Cambodia_Epilepsy, unspecified; Cambodia_Unspecified heart failure; Cambodia_Angina pectoris; Cambodia_Acute myocardial infarction; Cambodia_Cerebral Infarction; Cambodia_Peptic Ulcer, site unspecifed; Cambodia_Acute gastritis; Cambodia_Unspecified chronic gastritis; Cambodia_Cirrhosis; Cambodia_Cholecystitis; Cambodia_Arthritis, unspecified; Cambodia_Osteoporosis, unspecified; Cambodia_Nephritic Syndrome; Cambodia_Unspecified renal colic; Cambodia_Unspecified Jaundice; Cambodia_Ascites; Cambodia_Drug Toxicity; Cambodia_Food intoxication; Cambodia_Snake Bite; Cambodia_Poisoning/Ingestion of non medicinal substain; Cambodia_Poisoning/Ingestion of Chemical sustains; Cambodia_Other Diseases; Cambodia_STD; Cambodia_Dengue Fever, Hemorrhagic (non shock); Cambodia_Dengue Fever, Hemorrhagic (With shock); Cambodia_Suspected Dengue Fever; Cambodia_Suspected Dengue Fever; Cambodia_Chikungunya virus disease; Cambodia_Chikungunya virus disease suspected; Cambodia_Enteroviral vesicular stomatitis with exanthem; Cambodia_Hepatitis A; Cambodia_Hepatitis B; Cambodia_Hepatitis C; Cambodia_HIV/AIDS; Cambodia_Malaria, Plasmodium falciparum malaria with cerebral complications; Cambodia_Other severe and complicated Plasmodium falciparum malaria; Cambodia_Influenza due to certain identified influenza virus; Cambodia_Influenza, virus not identified; Cambodia_Other Communicable diseases; Cambodia_Tuberculosis of lung; Cambodia_Tuberculous pleurisy; Cambodia_Other respiratory tuberculosis; Cambodia_Respiratory tuberculosis unspecified; Cambodia_Tuberculous meningitis; Cambodia_Other tuberculosis of nervous system; Cambodia_Tuberculosis of other bones; Cambodia_Tuberculous peritonitis; Cambodia_Tuberculosis other organs; Cambodia_Miliary TB; Cambodia_Leprosy, unspecified; Cambodia_(MOTT= Mycobacterium other than tuberculosis) Pulmonary mycobacterial infection; Cambodia_(multiple drug resistance TB) confirmed by Culture; Cambodia_Diabetic Type 1; Cambodia_Diabetic Type 2; Cambodia_SAM with nutritional oedema; Cambodia_SAM with clinical signs; Cambodia_Severe acute malnutrition (SAM) - weight for height Z score <-3; Cambodia_Mild acute malnutrition-weight for height Z score -1 to -2SD; Cambodia_Moderate acute malnutrition - weight for height Z score -2 to -3; Cambodia_Opioid abuse; Cambodia_Secondary hypertension; Cambodia_Primary hypertention; Cambodia_Sequelae of cerebrovascular disease; Cambodia_diabetes mellitus during pregnancy, childbirth and the puerperium; Cambodia_Focal traumatic brain injury; Cambodia_Other injuries of unspecified body region; Cambodia_Other specified personal exposures and history presenting hazards to health; Cambodia_Terrorism; Cambodia_Mine or pit as the place of occurrence of the external cause; Cambodia_Other Non Communication Diseases; Cambodia_Schizophrenia; Cambodia_Manic episode; Cambodia_Bipolar disorder; Cambodia_Depression; Cambodia_Other Anxiety Disorder; Cambodia_Sleep Disorder; Cambodia_Other mental disorder; Cambodia_Genital Warts; Cambodia_Other viral genital infection; Cambodia_Solitary cyst of breast; Cambodia_Accute salpingitis; Cambodia_Inflammatory disease of cervix uteri; Cambodia_Inflammation of vulva vagina; Cambodia_Uterus Vaginal Prolaps; Cambodia_Genital fistula; Cambodia_Noninflammory disorders of ovary, fallopian tube and broad ligament; Cambodia_Ovarian cyst; Cambodia_Haematosalpinx; Cambodia_Vaginal Discharge; Cambodia_Irregular menstruation, unspecified; Cambodia_Dysmenorrhoea, unspecified; Cambodia_Spontanous abortion; Cambodia_Medical abortion; Cambodia_Other Gyneco diseases; Cambodia_Ectopic Pregnancy; Cambodia_Hydatidiform mole; Cambodia_Early fetal death; Cambodia_Gestational oedema; Cambodia_Gestational Hypertension; Cambodia_Mild to moderate pre-eclamsia; Cambodia_Severe pre-eclampsia; Cambodia_Eclampsia; Cambodia_Hemorrhage in early pregnancy; Cambodia_Excessive vomiting in pregnancy; Cambodia_Placental disorders; Cambodia_Placenta accreta; Cambodia_Placenta percreta; Cambodia_Placenta previa; Cambodia_Abruptio Placenta; Cambodia_prolapse of cord; Cambodia_Post Partum Hemorrhage; Cambodia_Retained placenta; Cambodia_Puerperal sepsis; Cambodia_Puerperal Anemia; Cambodia_Other diseases of the blood and blood-forming organs and certain disorders involving the immune mechanism complicating pregnancy, childbirth and the puerperium; Cambodia_Other; Cambodia_Acute upper respiratory infection; Cambodia_Pneumonia; Cambodia_Acute bronchitis; Cambodia_Acute bronchiolitis; Cambodia_Other acute lower respiratory infection; Cambodia_Emphysema; Cambodia_Asthma; Cambodia_Bronchiectasis; Cambodia_Adult respiratory distress syndrome; Cambodia_Acute pulmonary edema; Cambodia_Abscess of lung; Cambodia_Pyothorax; Cambodia_Pleural effusion; Cambodia_Acute respiratory failure; Cambodia_Chronic respiratory failure; Cambodia_Atelectasis; Cambodia_Hemoptysis; Cambodia_Cough (more than 14days); Cambodia_Dyspnea; Cambodia_Other Respiratory Disorders; Cambodia_Scabies; Cambodia_Impetigo; Cambodia_Carbuncle​ of face​​; Cambodia_Atopic dermatitis; Cambodia_seborrhoeic dermatitis; Cambodia_exfoliative dermatitis; Cambodia_Pruritus; Cambodia_Psoriasis; Cambodia_Urticaria; Cambodia_Erythema multiforme; Cambodia_Sunburn; Cambodia_Radiodermatitis; Cambodia_Acne; Cambodia_rosacea; Cambodia_Other Skin diseases; Cambodia_Supernumerary teeth; Cambodia_Embedded and impacted teeth; Cambodia_Dental caries; Cambodia_Other diseases of hard tissues of teeth; Cambodia_Cracked tooth; Cambodia_Acute gingivitis; Cambodia_Chronic gingivitis; Cambodia_Dental Abscess; Cambodia_Other Oral diseases; Cambodia_Trachoma; Cambodia_Abscess of eyelid; Cambodia_Chalazion; Cambodia_Blepharitis; Cambodia_Trichiasis; Cambodia_Lagophthalmos; Cambodia_Ptosis of eyelid; Cambodia_Xanthelasma of eyelid; Cambodia_Cysts of eyelid; Cambodia_Dermatochalasis of eyelid; Cambodia_Dacryoadenitis; Cambodia_Dry eye syndrom; Cambodia_Lacrimal cyst; Cambodia_Epiphora; Cambodia_Acute dacryocystitis; Cambodia_Chronic dacryocystitis; Cambodia_Cyst of orbit; Cambodia_Conjunctivitis; Cambodia_pterygium of eye; Cambodia_Keratitis; Cambodia_Corneal ulcer; Cambodia_Uveitis; Cambodia_Age related cataract; Cambodia_Other Cataract; Cambodia_Glaucoma; Cambodia_Other Eye problem",,
,,,Cambodia_General medicine,Cambodia_General medicine,General medicine,,,,ConvSet,N/A,,"Cambodia_Cholera; Cambodia_Cholera, unspecified; Cambodia_Typhoid and Paratyphoid Fevers; Cambodia_Amebiasis; Cambodia_Gastroenteritis diarrhea; Cambodia_Gastroenteritis diarrhea (moderate); Cambodia_Gastroenteritis diarrhea (severe); Cambodia_Tetanus neonatorum; Cambodia_Tetanus Other; Cambodia_Diphtheria; Cambodia_Whooping cough; Cambodia_Sepsis, unspecified organism; Cambodia_Acute poliomyelitis; Cambodia_Rabies; Cambodia_Measles; Cambodia_Schistosomiasis; Cambodia_Anemia unspecified; Cambodia_Hypoglycemia unspecified; Cambodia_Meningistis, unspecified; Cambodia_Epilepsy, unspecified; Cambodia_Unspecified heart failure; Cambodia_Angina pectoris; Cambodia_Acute myocardial infarction; Cambodia_Cerebral Infarction; Cambodia_Peptic Ulcer, site unspecifed; Cambodia_Acute gastritis; Cambodia_Unspecified chronic gastritis; Cambodia_Cirrhosis; Cambodia_Cholecystitis; Cambodia_Arthritis, unspecified; Cambodia_Osteoporosis, unspecified; Cambodia_Nephritic Syndrome; Cambodia_Unspecified renal colic; Cambodia_Unspecified Jaundice; Cambodia_Ascites; Cambodia_Drug Toxicity; Cambodia_Food intoxication; Cambodia_Snake Bite; Cambodia_Poisoning/Ingestion of non medicinal substain; Cambodia_Poisoning/Ingestion of Chemical sustains; Cambodia_Other Diseases",,
,,,Cambodia_Communication diseases,Cambodia_Communication diseases,Communication diseases,,,,ConvSet,N/A,,"Cambodia_STD; Cambodia_Dengue Fever, Hemorrhagic (non shock); Cambodia_Dengue Fever, Hemorrhagic (With shock); Cambodia_Suspected Dengue Fever; Cambodia_Suspected Dengue Fever; Cambodia_Chikungunya virus disease; Cambodia_Chikungunya virus disease suspected; Cambodia_Enteroviral vesicular stomatitis with exanthem; Cambodia_Hepatitis A; Cambodia_Hepatitis B; Cambodia_Hepatitis C; Cambodia_HIV/AIDS; Cambodia_Malaria, Plasmodium falciparum malaria with cerebral complications; Cambodia_Other severe and complicated Plasmodium falciparum malaria; Cambodia_Influenza due to certain identified influenza virus; Cambodia_Influenza, virus not identified; Cambodia_Other Communicable diseases",,
,,,Cambodia_TB,Cambodia_TB,TB,,,,ConvSet,N/A,,"Cambodia_Tuberculosis of lung; Cambodia_Tuberculous pleurisy; Cambodia_Other respiratory tuberculosis; Cambodia_Respiratory tuberculosis unspecified; Cambodia_Tuberculous meningitis; Cambodia_Other tuberculosis of nervous system; Cambodia_Tuberculosis of other bones; Cambodia_Tuberculous peritonitis; Cambodia_Tuberculosis other organs; Cambodia_Miliary TB; Cambodia_Leprosy, unspecified; Cambodia_(MOTT= Mycobacterium other than tuberculosis) Pulmonary mycobacterial infection; Cambodia_(multiple drug resistance TB) confirmed by Culture",,
,,,Cambodia_Non Communication diseases,Cambodia_Non Communication diseases,Non Communication diseases,,,,ConvSet,N/A,,"Cambodia_Diabetic Type 1; Cambodia_Diabetic Type 2; Cambodia_SAM with nutritional oedema; Cambodia_SAM with clinical signs; Cambodia_Severe acute malnutrition (SAM) - weight for height Z score <-3; Cambodia_Mild acute malnutrition-weight for height Z score -1 to -2SD; Cambodia_Moderate acute malnutrition - weight for height Z score -2 to -3; Cambodia_Opioid abuse; Cambodia_Secondary hypertension; Cambodia_Primary hypertention; Cambodia_Sequelae of cerebrovascular disease; Cambodia_diabetes mellitus during pregnancy, childbirth and the puerperium; Cambodia_Focal traumatic brain injury; Cambodia_Other injuries of unspecified body region; Cambodia_Other specified personal exposures and history presenting hazards to health; Cambodia_Terrorism; Cambodia_Mine or pit as the place of occurrence of the external cause; Cambodia_Other Non Communication Diseases",,
,,,Cambodia_Mental health,Cambodia_Mental health,Mental health,,,,ConvSet,N/A,,Cambodia_Schizophrenia; Cambodia_Manic episode; Cambodia_Bipolar disorder; Cambodia_Depression; Cambodia_Other Anxiety Disorder; Cambodia_Sleep Disorder; Cambodia_Other mental disorder,,
,,,Cambodia_Gynecology,Cambodia_Gynecology,Gynecology,,,,ConvSet,N/A,,"Cambodia_Genital Warts; Cambodia_Other viral genital infection; Cambodia_Solitary cyst of breast; Cambodia_Accute salpingitis; Cambodia_Inflammatory disease of cervix uteri; Cambodia_Inflammation of vulva vagina; Cambodia_Uterus Vaginal Prolaps; Cambodia_Genital fistula; Cambodia_Noninflammory disorders of ovary, fallopian tube and broad ligament; Cambodia_Ovarian cyst; Cambodia_Haematosalpinx; Cambodia_Vaginal Discharge; Cambodia_Irregular menstruation, unspecified; Cambodia_Dysmenorrhoea, unspecified; Cambodia_Spontanous abortion; Cambodia_Medical abortion; Cambodia_Other Gyneco diseases",,
,,,Cambodia_Maternity,Cambodia_Maternity,Maternity,,,,ConvSet,N/A,,"Cambodia_Ectopic Pregnancy; Cambodia_Hydatidiform mole; Cambodia_Early fetal death; Cambodia_Gestational oedema; Cambodia_Gestational Hypertension; Cambodia_Mild to moderate pre-eclamsia; Cambodia_Severe pre-eclampsia; Cambodia_Eclampsia; Cambodia_Hemorrhage in early pregnancy; Cambodia_Excessive vomiting in pregnancy; Cambodia_Placental disorders; Cambodia_Placenta accreta; Cambodia_Placenta percreta; Cambodia_Placenta previa; Cambodia_Abruptio Placenta; Cambodia_prolapse of cord; Cambodia_Post Partum Hemorrhage; Cambodia_Retained placenta; Cambodia_Puerperal sepsis; Cambodia_Puerperal Anemia; Cambodia_Other diseases of the blood and blood-forming organs and certain disorders involving the immune mechanism complicating pregnancy, childbirth and the puerperium; Cambodia_Other",,
,,,Cambodia_Respiratory diseases,Cambodia_Respiratory diseases,Respiratory diseases,,,,ConvSet,N/A,,Cambodia_Acute upper respiratory infection; Cambodia_Pneumonia; Cambodia_Acute bronchitis; Cambodia_Acute bronchiolitis; Cambodia_Other acute lower respiratory infection; Cambodia_Emphysema; Cambodia_Asthma; Cambodia_Bronchiectasis; Cambodia_Adult respiratory distress syndrome; Cambodia_Acute pulmonary edema; Cambodia_Abscess of lung; Cambodia_Pyothorax; Cambodia_Pleural effusion; Cambodia_Acute respiratory failure; Cambodia_Chronic respiratory failure; Cambodia_Atelectasis; Cambodia_Hemoptysis; Cambodia_Cough (more than 14days); Cambodia_Dyspnea; Cambodia_Other Respiratory Disorders,,
,,,Cambodia_Dermatology,Cambodia_Dermatology,Dermatology,,,,ConvSet,N/A,,Cambodia_Scabies; Cambodia_Impetigo; Cambodia_Carbuncle​ of face​​; Cambodia_Atopic dermatitis; Cambodia_seborrhoeic dermatitis; Cambodia_exfoliative dermatitis; Cambodia_Pruritus; Cambodia_Psoriasis; Cambodia_Urticaria; Cambodia_Erythema multiforme; Cambodia_Sunburn; Cambodia_Radiodermatitis; Cambodia_Acne; Cambodia_rosacea; Cambodia_Other Skin diseases,,
,,,Cambodia_Dental diseases,Cambodia_Dental diseases,Dental diseases,,,,ConvSet,N/A,,Cambodia_Supernumerary teeth; Cambodia_Embedded and impacted teeth; Cambodia_Dental caries; Cambodia_Other diseases of hard tissues of teeth; Cambodia_Cracked tooth; Cambodia_Acute gingivitis; Cambodia_Chronic gingivitis; Cambodia_Dental Abscess; Cambodia_Other Oral diseases,,
,,,Cambodia_Opthalmology,Cambodia_Opthalmology,Opthalmology,,,,ConvSet,N/A,,Cambodia_Trachoma; Cambodia_Abscess of eyelid; Cambodia_Chalazion; Cambodia_Blepharitis; Cambodia_Trichiasis; Cambodia_Lagophthalmos; Cambodia_Ptosis of eyelid; Cambodia_Xanthelasma of eyelid; Cambodia_Cysts of eyelid; Cambodia_Dermatochalasis of eyelid; Cambodia_Dacryoadenitis; Cambodia_Dry eye syndrom; Cambodia_Lacrimal cyst; Cambodia_Epiphora; Cambodia_Acute dacryocystitis; Cambodia_Chronic dacryocystitis; Cambodia_Cyst of orbit; Cambodia_Conjunctivitis; Cambodia_pterygium of eye; Cambodia_Keratitis; Cambodia_Corneal ulcer; Cambodia_Uveitis; Cambodia_Age related cataract; Cambodia_Other Cataract; Cambodia_Glaucoma; Cambodia_Other Eye problem,,
dbc2ecdb-4e14-11e4-8a57-0800271c1b75,,,Diagnosis Set of Sets,Diagnosis Set of Sets,,,,,ConvSet,N/A,,Cambodia_General medicine; Cambodia_Communication diseases; Cambodia_TB; Cambodia_Non Communication diseases; Cambodia_Mental health; Cambodia_Gynecology; Cambodia_Maternity; Cambodia_Respiratory diseases; Cambodia_Dermatology; Cambodia_Dental diseases; Cambodia_Opthalmology,,